Ponedeljek,0.797643211
Torek,9.647207507
Sreda,26.32659252
Četrtek,25.12004506
Petek,20.58940207
Sobota,28.20863574
Nedelja,0.963526214
Ponedeljek,24.17357633
Torek,27.48501812
Sreda,29.06812286
Četrtek,9.223062124
Petek,15.91367934
Sobota,2.773336635
Nedelja,13.08892155
Ponedeljek,26.89736883
Torek,13.64456302
Sreda,29.126323
Četrtek,19.81391864
Petek,19.76349873
Sobota,7.830102437
Nedelja,9.963636982
Ponedeljek,26.61912586
Torek,12.26356807
Sreda,22.10434707
Četrtek,27.01889055
Petek,26.35801618
Sobota,5.248466646
Nedelja,14.87160975
Ponedeljek,3.817900018
Torek,17.69546193
Sreda,9.719519595
Četrtek,4.40321941
Petek,5.402209552
Sobota,28.81458067
Nedelja,3.337798442
Ponedeljek,3.557505618
Torek,17.15888476
Sreda,16.15890694
Četrtek,22.19733703
Petek,6.65278189
Sobota,6.59615484
Nedelja,12.62639728
Ponedeljek,2.085664148
Torek,12.6241133
Sreda,24.97619632
Četrtek,29.95135284
Petek,11.13590323
Sobota,13.48500733
Nedelja,24.08219087
Ponedeljek,3.211541863
Torek,13.44990282
Sreda,24.88534718
Četrtek,29.7783932
Petek,13.73816599
Sobota,2.655106353
Nedelja,18.8598058
Ponedeljek,11.7989917
Torek,17.17684079
Sreda,0.091150174
Četrtek,24.7612315
Petek,16.08554845
Sobota,24.74623927
Nedelja,14.93825534
Ponedeljek,1.057669329
Torek,20.78907454
Sreda,19.66924117
Četrtek,13.51026345
Petek,8.550117543
Sobota,24.89400524
Nedelja,17.29618153
Ponedeljek,28.69309157
Torek,17.78617859
Sreda,17.65983764
Četrtek,26.49269798
Petek,3.016527182
Sobota,25.82318301
Nedelja,10.63758383
Ponedeljek,22.30563684
Torek,4.469710393
Sreda,29.1939203
Četrtek,21.99089686
Petek,13.71236268
Sobota,28.78446625
Nedelja,29.84138603
Ponedeljek,11.24135902
Torek,8.369984143
Sreda,21.97191362
Četrtek,2.518319545
Petek,0.928980651
Sobota,1.445513073
Nedelja,21.00325292
Ponedeljek,27.81862724
Torek,11.86809917
Sreda,6.595391285
Četrtek,11.8413755
Petek,25.91106412
Sobota,27.39438594
Nedelja,9.392765842
Ponedeljek,8.422197702
Torek,2.659881586
Sreda,9.768506507
Četrtek,3.088611171
Petek,12.66292623
Sobota,22.80014928
Nedelja,10.29858536
Ponedeljek,4.896490687
Torek,5.793822175
Sreda,4.672884335
Četrtek,27.88723187
Petek,8.103203674
Sobota,18.05138858
Nedelja,18.55686305
Ponedeljek,9.06271681
Torek,24.12404703
Sreda,9.482268855
Četrtek,26.2129234
Petek,0.611465414
Sobota,22.38940794
Nedelja,29.78734043
Ponedeljek,29.84762777
Torek,25.83880655
Sreda,16.19054212
Četrtek,11.5786624
Petek,21.69440971
Sobota,23.17268752
Nedelja,27.39564795
Ponedeljek,15.42882542
Torek,19.59353707
Sreda,9.008817028
Četrtek,5.546134736
Petek,23.26758611
Sobota,27.77004612
Nedelja,12.0746365
Ponedeljek,24.54470167
Torek,29.56130459
Sreda,3.461826599
Četrtek,14.43725235
Petek,3.420720581
Sobota,28.10648169
Nedelja,21.13052063
Ponedeljek,4.491030824
Torek,3.448665598
Sreda,12.62131863
Četrtek,17.32120668
Petek,22.75490155
Sobota,0.414080851
Nedelja,7.945655698
Ponedeljek,4.417791761
Torek,10.34305702
Sreda,24.65005498
Četrtek,27.41883078
Petek,24.22978614
Sobota,5.802056562
Nedelja,20.09871753
Ponedeljek,16.15821764
Torek,29.95329144
Sreda,3.080917975
Četrtek,13.86441145
Petek,13.55697982
Sobota,22.1405665
Nedelja,10.12357917
Ponedeljek,24.07932891
Torek,20.76127577
Sreda,2.28113343
Četrtek,22.14022173
Petek,15.3143198
Sobota,26.12298947
Nedelja,15.89310263
Ponedeljek,13.7979311
Torek,2.954365278
Sreda,22.76264227
Četrtek,3.983142665
Petek,23.48011305
Sobota,22.33134653
Nedelja,20.22745444
Ponedeljek,21.42980018
Torek,16.65227452
Sreda,18.25969231
Četrtek,1.235042813
Petek,11.51111984
Sobota,18.14968677
Nedelja,7.126034194
Ponedeljek,24.57839038
Torek,14.21733206
Sreda,22.14654117
Četrtek,29.42132168
Petek,7.322700957
Sobota,20.97315593
Nedelja,19.62564183
Ponedeljek,8.67142827
Torek,20.72108845
Sreda,15.63293214
Četrtek,14.54372617
Petek,8.241636094
Sobota,9.637165345
Nedelja,24.14267999
Ponedeljek,13.29269947
Torek,17.09115668
Sreda,3.11946127
Četrtek,20.22599093
Petek,29.99137692
Sobota,15.99132452
Nedelja,9.275370379
Ponedeljek,10.21205458
Torek,13.271465
Sreda,22.52127564
Četrtek,19.99603047
Petek,26.54904349
Sobota,3.138795943
Nedelja,29.78054463
Ponedeljek,22.67175545
Torek,8.898935337
Sreda,2.339895395
Četrtek,29.76632905
Petek,18.46834768
Sobota,16.86826145
Nedelja,26.81368086
Ponedeljek,17.67436548
Torek,10.9532665
Sreda,8.236847049
Četrtek,19.59859041
Petek,13.54253551
Sobota,14.01773276
Nedelja,17.91424181
Ponedeljek,23.55661033
Torek,1.873836829
Sreda,12.87738456
Četrtek,20.33708811
Petek,26.22957226
Sobota,11.91568309
Nedelja,23.22415981
Ponedeljek,16.0446485
Torek,2.697917088
Sreda,9.744957892
Četrtek,14.21834827
Petek,6.135479605
Sobota,4.179797533
Nedelja,28.95213088
Ponedeljek,3.173646262
Torek,20.63737719
Sreda,22.71106567
Četrtek,29.1694388
Petek,8.695590501
Sobota,6.769027913
Nedelja,18.33079175
Ponedeljek,5.441781107
Torek,19.30514982
Sreda,27.41291583
Četrtek,19.5309189
Petek,6.20141136
Sobota,4.915815527
Nedelja,18.27867136
Ponedeljek,13.22046352
Torek,18.24714476
Sreda,6.758910787
Četrtek,11.99523629
Petek,23.70852165
Sobota,29.04918907
Nedelja,26.69124154
Ponedeljek,27.55131717
Torek,14.02693961
Sreda,17.31256537
Četrtek,29.73262636
Petek,16.96881094
Sobota,11.13246336
Nedelja,21.74006638
Ponedeljek,3.817588139
Torek,2.265050219
Sreda,2.499274098
Četrtek,15.19418915
Petek,29.13475694
Sobota,15.03421578
Nedelja,27.19223363
Ponedeljek,7.601331437
Torek,4.533087573
Sreda,16.12889717
Četrtek,26.98114234
Petek,9.571640073
Sobota,18.12529515
Nedelja,4.370473964
Ponedeljek,6.474893322
Torek,19.72014804
Sreda,29.70766054
Četrtek,17.82144595
Petek,14.02682526
Sobota,26.00946405
Nedelja,28.48311469
Ponedeljek,22.34114773
Torek,22.02692968
Sreda,14.70129328
Četrtek,16.14469933
Petek,16.55179632
Sobota,13.01530043
Nedelja,8.515319666
